image_id,creator,license,license_url,foreign_landing_url,provider
img-c7c5cf1f74fcbfbf00dc5e9dbf4aef06f5eaa5f0e7a8fa04d39760106d5249e8,,,,,
img-8fa5b001f12132df061fdc530f1f0bfe1b50769d737fa43d737d4f43b4e55533,laszlo-photo,by,https://creativecommons.org/licenses/by/2.0/,https://www.flickr.com/photos/40467171@N00/426155665,flickr
img-c31164e450b46b4f8962b83c933012d22a13557181234e2b62213dd0eb78a7d5,,,,,
img-21bc909ddc8e95bd56029b05c65f1941a15d032ad9a58b3ff574f05e77608117,NASA Goddard Photo and Video,by,https://creativecommons.org/licenses/by/2.0/,https://www.flickr.com/photos/24662369@N07/10874459064,flickr
img-d7748e3c06754f6a5bd0195083e0e6a784e6e4931800110708bba7b4af1394a4,Alan Cleaver,by,https://creativecommons.org/licenses/by/2.0/,https://www.flickr.com/photos/11121568@N06/4624535985,flickr
img-21b27dd57f28172a5d6a7c8a1d2770bd29de3263314d36896a9e03d671b44a7d,,,,,
img-8f2b3ed1cf8440a31551b3a98d11d3f05df56c9a20330324d34d1191a3b66bb4,Yogendra174,by,https://creativecommons.org/licenses/by/2.0/,https://www.flickr.com/photos/39072595@N03/5452234275,flickr
img-3b36c4656c101f00c657537a3485ea1b050cf5674901c880ea6d1bc0ea43ba1c,,,,,
img-719440bf2cb0bde2d343118f5401761f4cf755c7184d8ab02088395ea88060cb,,,,,
img-4dd6bdefd4a2cab7c96a5293d1e1a3215e63e4731cbe656e5b8d63ff8fcaf1dd,,,,,
img-59032ff368cdc00951983068f132bf4cefb46fd9db06596514cd460907d06c41,Robbe Jansens,by,https://creativecommons.org/licenses/by/2.0/,https://www.flickr.com/photos/148031486@N07/30479963254,flickr
img-0b2e4e4f8a5cf8faff583355543f76eadd506d0c555eb5429d6a53f8510eb951,,,,,
img-689bbeb01a1aadfb85cd8562910fc936d82f50b2d2662c3e52d5aac17c56548b,Mony Morales,by,https://creativecommons.org/licenses/by/2.0/,https://www.flickr.com/photos/66642907@N00/9487240761,flickr
img-424ea58695c8afdc4845a123c4bd2ec758393b683d0949506ec33f29153ba125,,,,,
img-311ca698d93614f896b167c868b2e3bd9ce524b6728d8accb60d96617143f427,,,,,
img-d84732f1a974416d589e44da1af39e9f24ad1b2f19191112789d90f454a2bf7d,Helenka Cupak,by,https://creativecommons.org/licenses/by/2.0/,https://www.flickr.com/photos/137308121@N08/23919353277,flickr
img-6a7749b29d87a245dfdc2aa82e48a2b2dedd01a89571d251a8b362676d1b8658,,,,,
img-578db74a9b06cca35c653abb79ee6d8418d31616f67d6ece1a484a3cd568a5b5,,,,,
img-dda1d708fb18c051bad82fec8a913244c525b4e2a60b329d4a35010faa538b37,,,,,
img-cce313acfa9aac2e1d4a5e229730100e5bdd3d71033c05702134714894ed06b1,tonynetone,by,https://creativecommons.org/licenses/by/2.0/,https://www.flickr.com/photos/26208889@N05/2756504709,flickr
img-19e59bf810de691af40808dec7e7ad5976ebca5b2adee9c3c360b5f0e3a2c35f,,,,,
img-7535c54c1620a88bf93187613eaa544fa478ada1adcaf4149db8ac190fc467e0,Smabs Sputzer (1956-2017),by,https://creativecommons.org/licenses/by/2.0/,https://www.flickr.com/photos/10413717@N08/9160746930,flickr
img-72c4a52e77171b699d734c4eeb95e0c2dbc73fdaa910802781867f34ea2651fa,,,,,
img-ab4e8db5c97b65df20fabb03a9961b1548c048d70a214fe3bdf0455d2c9854db,andrusdevelopment,by,https://creativecommons.org/licenses/by/2.0/,https://www.flickr.com/photos/9020344@N02/3865033855,flickr
img-bad4087317695ae162b0cfa541d1698299426a9e5af25b2fbe572cdfd3c84554,,,,,
img-6b9cc23cbe34ab67f71de3f039f98ffd9cc78cd5c0f76e687e607f4d1edf20a5,,,,,
img-10971f2eaa112c8218b6dc063b88ac5918d8a84eea9bba5800e30a1a2e0f1cb2,Steven Pisano,by,https://creativecommons.org/licenses/by/2.0/,https://www.flickr.com/photos/45776673@N04/25634008504,flickr
img-94216d7ba68fc6a3ae0c4264c5be70813350a6d04dc37126960138fa24c08049,,,,,
img-48a126ceeee3d2ae661b3c3886c16091e55f32aeeadb6300b8b5857bf78f5a90,,,,,
img-a7e682f91d5980475d3f93de9e248f741dabe322549b643c3451bf7bc2ead26c,,,,,
img-cc2c163a553ab4f21ad40305c1178455dd56bd5dfb9ebcfffc98afd942ab9914,,,,,
img-be172e9592211447963bd0ef9ddea07420d6cc6601c25d2284974a5426bf6bec,,,,,
img-d0ca278ca40da12cc7d1477d85ec228a116a97de0f0922c22a46a94b37d6593b,,,,,
img-694e46b8e09357310f71db9afb08f953cb857875bf66160bfa0d0eca5758cb26,,,,,
img-80888f81b595e9ea2ae280d86942532e8ad7393187693298ec45109f2dafa607,,,,,
img-4c8b010f92b9fa63b65f5da6d892e5b11c9c9b0629071fd5f7807e8a20827aef,,,,,
img-bedfe81d819a4305681cd0f5cd031f73386a4aa68dcedcc9aaf3be26d28ef027,,,,,
img-c61815e4fc97bfc802a0447e3fcb89b722253a6bb2863c47a2b38969854fcfcd,paul bica,by,https://creativecommons.org/licenses/by/2.0/,https://www.flickr.com/photos/99771506@N00/8237986807,flickr
img-0c2feed2bc14dc83ef8dc6aaa127bfa001ad538b4ae8f5f35edadbad3d855170,,,,,
img-084dffb1b7abe30fb1bf7adfd051df48d1cf1a50c1f1637cad8ba157af08830b,,,,,
img-c5ff61fc16bf2128ae8618339386aca72f81feb6c32100a2fb0e1bbeb993612c,,,,,
img-6fe861dc20ae95a66088b355d3252bdd771a17fd10f18a9af133991741b3a62d,,,,,
img-1f7cf282f508516bd86f85b98d94a3389baa556ba767e4f0fdf9a88b4a8864a0,,,,,
img-decf6d664f746a912a59f42e6bd175794919102afe774c06efc4909d2c745211,,,,,
img-432c3c227f733d372d97563ea33ef60ea63fde22d0c732a0cf8792c5d89dd9e9,,,,,
img-9dcbdeb2ad8a6c5c4db27c194f47691d99ecedb50ce4eac03c521ef9b79a00d5,"formulanone from Huntsville, United States",by-sa,https://creativecommons.org/licenses/by-sa/2.0/,https://commons.wikimedia.org/w/index.php?curid=68517354,wikimedia
img-bbb63cd167ce54049e7f133a06776ba186d76ded334b79ba22ae06f0ca8f045f,,,,,
img-73136d59cf4e46cfb086b5de89afd4999a6da261c0f180a2167d6b3ff88b99c2,,,,,
img-8ec6184d35ebb27655065876beb575ea28d8f1bc42aa12728114cc3f3eabb196,Doug Scortegagna,by,https://creativecommons.org/licenses/by/2.0/,https://www.flickr.com/photos/56551021@N06/16502306242,flickr
img-0e0fa5cae2b1454b8737e56f6434ed21aed7ca663082ba9f6c7f7b204367b1ea,,,,,
img-a5cbc44b0ad4b32bbb24553a8235b310df7698e0eab7862ddfb77073ffb715e3,,,,,
img-dcd0f8952be72a7bf05c08f3b1e5d662694086b795abf0799e2ffbeff90c5567,,,,,
img-bb16aeca985918cb06f5c55d775da4ec3c90b031b8d609b00fcf78a6ddc005d2,Herkie,by-sa,https://creativecommons.org/licenses/by-sa/2.0/,https://www.flickr.com/photos/44038067@N00/2527427822,flickr
img-33410fe1a0256a683521a6ed51d1a2a68c436b866cee1ce75ac59b42aa59da19,,,,,
img-8d02e5978bdec638ceb66383d1d6e3e3408bd70b59ee2016185620add44c159d,Bashaer.Alsaad,by,https://creativecommons.org/licenses/by/2.0/,https://www.flickr.com/photos/38783093@N02/4063757886,flickr
img-21765fabaf7834f570b2532cffce65f930a7e7d73f16ebece7b4d942bd6609b7,,,,,
img-040d971d4d52b017352370b7b0b7aaab7fbe76c596076e73ae5a94ec0f89b7ea,,,,,
img-f64a9a7f575919ce7960368c3b1e7d0289995c69664887c078475a68e53c14b1,Rhian de Kerhiec,by,https://creativecommons.org/licenses/by/2.0/,https://www.flickr.com/photos/34764035@N00/4034040825,flickr
img-fb379b7c0b0a73a26cfeafa64fd966c0ac765fef23a54dd6d11adcca5140f228,,,,,
img-bde3cf2ce67c3e069271c69b668e49c36b3da6ace664f46edb5fcab22ba4073d,,,,,
img-b6247960c93f4af4d6b675bc3306b5a04377de3d73d908f34cd28cc80e54cab3,Ruth and Dave,by,https://creativecommons.org/licenses/by/2.0/,https://www.flickr.com/photos/95142644@N00/7331360442,flickr
img-d93b1ddf1788b099aa9f7d3c985179739a9b098c1ed5bb9fed35eb9e4cfb3a43,,,,,
img-0335eb260fe00dae08e33ae14a1b798a186b979b8cdd6556408a0a10af824741,,,,,
img-096013934330cee6b86f2de0b83bdb5ad77afe06b5301894d209fd547af39e64,,,,,
img-23b062fb409558f3974798a50331608e97a5f7e4be60a79ddaace2c7c1336b68,muffinn,by,https://creativecommons.org/licenses/by/2.0/,https://www.flickr.com/photos/26445715@N00/34222181524,flickr
img-b7d136e7f9b73bdc40dde54d0987480169afdce149fedab934d1d94ae0a54f06,,,,,
img-9d559aa7458a501307690cca9a42f5a1f5bda39ac1961ee9cfe9f070616e6b17,,,,,
img-e8920a3c5687b059bc7f97592a885fac1dde6f82c7ce8ce527d0922ffbe6ed73,Ken Mist,by,https://creativecommons.org/licenses/by/2.0/,https://www.flickr.com/photos/37996606796@N01/79465861,flickr
img-4865bee7f773859f626b901febec375c15757ceff3ff5acbdd677365527e2e59,,,,,
img-82cf1696e5f534d4beec3ee6b7217ef773806a29d3afd21b3310ce179c5a8995,,,,,
img-ac3858ccfe25142ebc8d04c8a1d01b58f1d8f949b8d2c992d52ac502f2a80d9a,Steven Pisano,by,https://creativecommons.org/licenses/by/2.0/,https://www.flickr.com/photos/45776673@N04/17029958659,flickr
img-da79fc090271cc2db99ce31a5116b9892e643c9931cf1b3f570e5446854910b2,,,,,
img-905141da06385803e0c8e7997490880bd3fcb5794b128b2ca89bea6ccb7e5c86,bibekthecrony,by,https://creativecommons.org/licenses/by/2.0/,https://www.flickr.com/photos/97067034@N02/8968792929,flickr
img-cb5ad48ebad52819d747f9cabca4e16738ef0987693eae8865f534bbbc0f5631,,,,,
img-148c859be4eafaa259c665d3794baad0954141e84f10626721edb77a31a338cb,slgckgc,by,https://creativecommons.org/licenses/by/2.0/,https://www.flickr.com/photos/14771153@N04/5932545236,flickr
img-16359bd02b35c6ecc61c5c95c52a356f3ad0960256943c61bae11ea102683d01,,,,,
img-2fb757fb3cc86429da4c2d249aea794e56af856d9dca7a97eb7691b3159b6e05,Miss Wetzel's Art Class,by-sa,https://creativecommons.org/licenses/by-sa/2.0/,https://www.flickr.com/photos/54856069@N08/6961749463,flickr
img-353a83d17587e05b6e09ac302b5dea6b8a6b895162c07188bc55a6c79abf012a,Wonderlane,by,https://creativecommons.org/licenses/by/2.0/,https://www.flickr.com/photos/71401718@N00/5543854426,flickr
img-f81263cf4104ba77b98b5430bc9678acbcf7e7e9876a27347cca066f28601eb3,NASA Goddard Photo and Video,by,https://creativecommons.org/licenses/by/2.0/,https://www.flickr.com/photos/24662369@N07/9416808852,flickr
img-f7989cdceb231d0accecec0412ee083018db31f71fa38e6eebe42cd107741501,sagesolar,by,https://creativecommons.org/licenses/by/2.0/,https://www.flickr.com/photos/62356799@N06/13925114082,flickr
img-f558c81eefb618de4ada47111635d7142da7480300b77fb1eaf5497185ab3e73,,,,,
img-87f293002020be20427c93d577e351bb2b0b27880893cd99e057bd1bc951c0a1,,,,,
img-3a93650f3dd12bba2e0add12ab85b12ecea75f119ab48677fc6ad0844b7fffe2,,,,,
img-edcde31b5f56de3feb532c668a916dc6e8101960016caa9ef6ad2db16486d1a0,,,,,
img-56bacd9d9f32e117a9487be2f778997ba6be81ac6553c9a3ffe6293b00dd2712,Steve Isaacs,by,https://creativecommons.org/licenses/by/2.0/,https://www.flickr.com/photos/51559367@N00/2449378456,flickr
img-95030df22554b6d41d04256aeafcae43515781d8bd8c3773f07a8e798bc4d6df,robin_24,by,https://creativecommons.org/licenses/by/2.0/,https://www.flickr.com/photos/53507547@N06/5468858841,flickr
img-dff4fa7bd1cf15c6087b6cb09e9dbd2e509c060599dc0566f9aa62b75e46eb72,,,,,
img-af0d2a999f6358c90bf71c7b2e567e1f82d7d4c215c1b329b255f431bb16591f,,,,,
img-edbb25e5581cca3e3bfb8d9d35827a9d34c413b31f07d026223fa35a06f7e90e,,,,,
img-b37881dc4bad953bdc60a1956979b95960334e1f528146acc2224551dfce0cde,John-Morgan,by,https://creativecommons.org/licenses/by/2.0/,https://www.flickr.com/photos/24742305@N00/3324485603,flickr
img-55a4d68f42b75a279bd9ab0b468d3366d032500d818d91e02b3fdc6b06d8ebe8,,,,,
img-217ca9633bb4e381b8032a97da91172cabfd53cf56aa814d2914425ff34a0c84,,,,,
img-2ffe4a8f39e343d7d5f81a5b705dbe4a8f74f4e47ffb7cd107f425134f629482,,,,,
img-47dc3814b158c31e655f6e77ad68e960700cb445b729341733b4ee522182dc2e,camiloddc,by,https://creativecommons.org/licenses/by/2.0/,https://www.flickr.com/photos/187129092@N05/49686986342,flickr
img-00bd3c8dcfdee9774cc9ddcf880dce507a16b548f12837d3371635d168f7b3c6,,,,,
img-96eee04e3357172dc90dfe102bc8b7c54b6f2105e78d6e2a5609de468edfbd79,,,,,
img-5ea3731693f2bca8435d3db867e87de12eb779d2acc2e0afa2676c06746c1d7a,,,,,
img-6b1045876bcdc03dcb0c3c21967818b775289f32e83b0daa00c4997da387c02d,,,,,
img-dc96b37d1969e95cf97994fc46da74dfbfd0ad7578d7b38188c26614a1fad82d,Steven Pisano,by,https://creativecommons.org/licenses/by/2.0/,https://www.flickr.com/photos/45776673@N04/17029978299,flickr
img-06f510def857f1d26a07ee58a54d658b77d7708917bbbebad1fa5ac67ac30ad9,,,,,
img-12a215a166cf5dcd49453820d1bfd69db0ca44ab0a5bc88bab3b9a96a3b8d3d5,,,,,
img-a65ed2837329995bc065328c1d54152b5cbf80c3f38847533615962ec2bdf957,,,,,
img-e20e5b63671c47df4a9c931b6d7a440092cad3cb1e808da171a1d25fa2b5e3b2,,,,,
img-d8361938843061fdd3b6e6fa8ac150374d3f9c61d31d26df002d67f249eba14f,,,,,
img-a1b04af410d1591ae07573b8f20d8ec778b1288edca1a262394e0e25904032e3,,,,,
img-3a021365878cce65a80a5d3ff50fd0905ccd2e8a636f35df571666f7f34db5c7,,,,,
img-45041177d392a2dcfb1516eafa89879ae11691c3f7c208c1f6e66072f94b09ab,,,,,
img-9b2b76114867051ce8a7a84cf7086a29abdbd88f2e81f9f4474358c0097b575a,,,,,
img-b93e9c1e4ac80cd7427c02024767db27c66c7335327a08382008aa5fe90f89aa,rococohobo,by-sa,https://creativecommons.org/licenses/by-sa/2.0/,https://www.flickr.com/photos/91602077@N00/5716309525,flickr
img-a56c596f29b838898e6b6943d8d8764c8ce8b304701c8a5aa738ab45fdac85cb,,,,,
img-de81d2e9325b8ff7c8cff334513ee87b6fd2609674e231818b554f1fc6d85683,slgckgc,by,https://creativecommons.org/licenses/by/2.0/,https://www.flickr.com/photos/14771153@N04/5932545432,flickr
img-2e2c7327132f37e17c17f7bc3b8ff7283782cbc1c33b0e770f4311b0ebd0fe01,,,,,
img-247bafe5f17a974cb931272058587e0e8663b026e377303a19f510bcefc41f35,hashtagnewb,pdm,https://creativecommons.org/publicdomain/mark/1.0/,https://www.flickr.com/photos/115351516@N05/19214552692,flickr
img-b975f62b441f30ef8da59c01ace09a29e2a89c99219f811b5168aeaea071a0e0,,,,,
img-e62b2fc1a7a1d18a2714e4f9209e18214b85ae1458334bf433b7c2a26da021bb,,,,,
img-81e555511d710343361754ff6d3b6f0f6558ccfd5e0f8cb9f5754807968f2b80,,,,,
img-78749f3b283c52c512601db061d1ba1da9cf0b61c98cb637123fbbfde1bbfdc5,,,,,
img-f3d0ca1f1d10dc6190c5e0f0a6320d14362f735ca2f5564b7758796986efab78,,,,,
img-39a9388ca834ea01f69a9b6fa1be31250dc6bf4c9bc5964838c98d0b76ee1aec,,,,,
img-0079ca896a4e8a8eb9246dea4e507ef180e5aada8c9b532361073297ff225802,,,,,
img-253a456e10eb0feebd93c837a7ad399282aa30f6ad9878cb1b1630ef61fa4527,,,,,
img-027b22a029ff114f5959f984337d95e8ba1def3fa345c649b4e59e332ad629ef,,,,,
img-adfb0520a9a348f288851f202b4c7440354a9c6437924e6665c5e2820ae164a3,Just ian,by-sa,https://creativecommons.org/licenses/by-sa/2.0/,https://www.flickr.com/photos/50211087@N05/7182417256,flickr
img-427662ee535311298aa05ff7858dfd024a1dfa1f332b33ea092ed19cfceabdf4,merra marie,by,https://creativecommons.org/licenses/by/2.0/,https://www.flickr.com/photos/60709276@N04/6598138949,flickr
img-7383249545e66f02c623aa9b8e324d7910aa94f236e3695d7db53f13e34336b9,,,,,
img-1af69a0ea4b04f2e9ee8aa13efa69f8363d72df45a7ca4f033590afb30773138,DaGoaty,by,https://creativecommons.org/licenses/by/2.0/,https://www.flickr.com/photos/58169987@N00/4536341444,flickr
img-ee7ed1ab6dd5e2d602aa1e4547fe689c5e12389115676767d5e6c3d05ca41dcc,,,,,
img-c39635a1e65586cbc7b0e47148b05976f957c1ac0ff056740b4460cc33cac157,,,,,
img-b0e88e75830e5b1f73d880338afe4656194547b261d4f3d0e23bcdf7bf04db43,ÖmerDiyelim,by,https://creativecommons.org/licenses/by/2.0/,https://www.flickr.com/photos/99928753@N06/9454703291,flickr
img-a2cccf0e634121d80e59f17ef3283fb3d6e449b2aab428030904379231c12161,Andrew Tryon,by-sa,https://creativecommons.org/licenses/by-sa/2.0/,https://commons.wikimedia.org/w/index.php?curid=139633766,wikimedia
img-0f66464d3ea20893d067d3fadbee59c83dd96ff446e7e07a44ee3bd7917cb72d,,,,,
img-538557241219f20241c0299594bf044c1b8fd2cdb8738e74a4fdb2c300352ecc,,,,,
img-70a11be397318fb560981b9e49739aa23f7c2d48fc5a539df2338cc1f7930ea0,,,,,
img-5a75a985db021a4d4334d79fff5d2bae154ab6367c16663d4f526e3274098cb8,Sándor,by,https://creativecommons.org/licenses/by/2.0/,https://www.flickr.com/photos/83299463@N00/758110444,flickr
img-8e6f8e140d2f567b9e60d4716fb2042299a8ec029886a9ceaf36e267036344af,,,,,
img-0be00ba8eca1c2229d48bc8f63d8b534cc5d954e0654f0aeb882ec9a7b3385d1,,,,,
img-82f070b1ac87879c688162ad789ed71eb0cf9c307a446170b07bd6718b2bb7ad,,,,,
img-0223e1e5f25370e94c69484efac05c14d341f06644252d8ad1e10503f3be337e,,,,,
img-29a425b23696f744a0efa0ab3cdc32b8a7dbc77363b7d3b46d9542d43b9e17cf,,,,,
img-5ca5e683ba5dec1f9fb1827ba35f4d26c657f3279e9926b102b44981090dc73a,nan palmero,by,https://creativecommons.org/licenses/by/2.0/,https://www.flickr.com/photos/97402086@N00/7721386392,flickr
img-6f726c8356a3a76077b4444ac4b1155c94810baacedd7739531a6096f62f515a,Vince Alongi,by,https://creativecommons.org/licenses/by/2.0/,https://www.flickr.com/photos/90963248@N00/2900989944,flickr
img-400a379bf63d12dcbbed1a7b906b9d73bb92cbf7338ef3debbb2d2112f0e8039,,,,,
img-9cad99cc3b9576c1e7f02113737ca9e9672772d831bd04606e2312a22cb9ea8e,,,,,
img-81c72d353d100684bc4cfdbd7609c0a68a292a81359bc7e2e243a55fb6a45374,Mia Felicita Bertelli Street Photography,by,https://creativecommons.org/licenses/by/2.0/,https://www.flickr.com/photos/48090594@N08/30903645497,flickr
img-c3635b6d7433baa2601e50bba665dd7939e2da6285ed26c3905edeea1b5cfce0,,,,,
img-8aa5cd8d82f23b088ffc2345eb58deefa708cc1afe77e4a4c4d398678ff47119,,,,,
img-80b93bd37e54f9be60b7b16e127c8b5fb937f6c7ed12aa6ae530da9bd9190349,,,,,
img-30712ac558ed133885e00e4a6825d50160603c7716992bb8a201a4d7818f770f,,,,,
img-5d80f6ac89c338bfb89f1c2da184ccd9e7384da5f845b9da50cda05103c78508,,,,,
img-9752afb2c064134f6b94043e1f399b615e2cf83630fd13907ab15e7074711edc,,,,,
img-85eb67324295da438755a66b93f445ecfee4578ce4d8730400136028eec566be,,,,,
img-f1b729de4eb103c5b7dcc917c93a89922509b5468bbce5dae8b491897dcb26b5,Ashley Basil,by,https://creativecommons.org/licenses/by/2.0/,https://www.flickr.com/photos/28438417@N08/5634658369,flickr
img-74d60dff21f006812c233eaf1cff4a3bf86c44acd1dce27a7e72becda6190c37,Loco Steve,by,https://creativecommons.org/licenses/by/2.0/,https://www.flickr.com/photos/36989019@N08/6001921379,flickr
img-df6f1802a505ed927920aa770f680bdf0f01c231d3a723b2993036b3175dd0b8,,,,,
img-b18ea570971f0eec2cfd91480d07e0720ec83e5473e372b81da55b0bc6b2b295,,,,,
img-76ba57196a10e60f715967c61dc88de3af6e4c7b869c9f72c82939e78554844d,dewittn,by-sa,https://creativecommons.org/licenses/by-sa/2.0/,https://www.flickr.com/photos/11325934@N00/5670391400,flickr
img-4c2c6f9aebfb71c2e52d0e5320b68fdc8732e2f51e7b36450adb4d1cb0a29595,,,,,
img-2ff216054a17618fbc409d82f8a38bc8bcb269aca816fae1044839511847d90f,,,,,
img-d83f7ed6b7479b60b48d537eac62149eca9ad2dab9a89b748e8a488c8174f328,,,,,
img-7d05ba9cc575391ced1cfcd0fc2383ff525fbd1fd8ed7c6285048a7b6a0c95df,,,,,
img-ce798359fe5f492f64409488983f4804d8ef5fd0f51bc9e2b320034aefd1f4d6,,,,,
img-1ee95a3c9fae1eba0dfed565407bafecb59ab0a7901af8cdc1141373c90da1d0,,,,,
img-0dc4ae0342d08748efe30538ca6f6ba71d5e1a8bb269e865ffcd631c882aab23,,,,,
img-1d1f73baef4027ab395fcd27519cc8312e62f958a14478e51ec7a0695382cc1d,,,,,
img-801511926cc71ead9574545019a551226b626f6969614e2b3d92d6bd2386c69b,,,,,
img-682b42485f43de220e47876b1e79ae2da9268e2a7e1f26722a2a5445c38df5a3,,,,,
img-956784aa058407d4382c7e14a04cbc0797d42e7291fb7514a1ab908518a07fc6,DBduo Photography,by-sa,https://creativecommons.org/licenses/by-sa/2.0/,https://www.flickr.com/photos/61926883@N00/4157075530,flickr
img-af5513cfeba102fd36f0e132b2b75c1edb9ce207c38849f45326006bef269a6b,,,,,
img-aa83cc4f723c92e4e1e2390f84511958e25fd396b9d2beb93b02565af83d8359,Ashley Basil,by,https://creativecommons.org/licenses/by/2.0/,https://www.flickr.com/photos/28438417@N08/5634657075,flickr
img-dedd4841f406afe77307530e4e54a72be367d24b57e12c82d0cfcf349b22b487,,,,,
img-e4cdeec686387a53e8d19d0633f677e979f175faf5edb214003247752f6fdd76,,,,,
img-fdc76732386e2e3d5eacf2234db6abcdd863fdf850d37863995898c84d68f2f6,,,,,
img-9ead22bedd963358f1206d4da3e76a38d350b59e17507f9f27ac6b74b546b5a4,"Sheila Sund from Salem, United States",by,https://creativecommons.org/licenses/by/2.0/,https://commons.wikimedia.org/w/index.php?curid=74563062,wikimedia
img-70afabb7c49e2d1d06436d06dfde1e181765464648151d17a8613a3cfac41ef2,Mel B.,by,https://creativecommons.org/licenses/by/2.0/,https://www.flickr.com/photos/93587218@N00/1053505443,flickr
img-338ba7c47decd721b03e8459092fffbeca0e63673bb7c0903fd2356d204ac147,wheany,by,https://creativecommons.org/licenses/by/2.0/,https://www.flickr.com/photos/17424735@N00/2756230240,flickr
img-218ffa091d6660b3d0ce1c9284414d56dcfe9a8bcf289d8078397ad20fa9496f,,,,,
img-4067aaf2d4f950143aa2e836e91c87f7225690329e9c1b49fd0e2235e97681ff,,,,,
img-80088b790d7a1fd953bce5cfeae6454213958e789c549aca9cd2b028ce669480,LunchboxLarry,by,https://creativecommons.org/licenses/by/2.0/,https://www.flickr.com/photos/14116968@N00/7651037304,flickr
img-6d49745a2f165bb32daca2e51e4202088ff506b6c92a7cedfaf40957d84bda1f,,,,,
img-ac7414613f6f66ac4df4c746db78c5e201f6fe158767b5e2df047705d4aeebc8,,,,,
img-3d4edbe1fe2a382074bac8df94e258a3c485628741524470f2c1c1c181395cb1,,,,,
img-d71fa689a66722214bdb4fb99a1f03849a3aec84ed86a4972d49b0692e28d89b,,,,,
img-17c66d35fbf585ab49461b74d9fa98b8d30c1163b1824b9dba97634cc37bee29,drewsaunders,by-sa,https://creativecommons.org/licenses/by-sa/2.0/,https://www.flickr.com/photos/64183923@N00/70692932,flickr
img-07b6f36d45dce68fac2a0eae42821a43a8065b2c707734b55a4a66cc7029ec94,,,,,
img-91c7979dd4aba5d2e08e2acc70a543e0d3f5c66f212c81ca77185191b108d4cf,Roc0ast3r,cc0,https://creativecommons.org/publicdomain/zero/1.0/deed.en/,https://commons.wikimedia.org/w/index.php?curid=159267070,wikimedia
img-121a44511c05f2de3d0b9ec822209d8c7b003cffc8b6b0749c72c66637fa714e,,,,,
img-b0e221d71a0401e9447acf0c743e5789d12a31a1dc3f8541e1a60433842023de,dhaun,by,https://creativecommons.org/licenses/by/2.0/,https://www.flickr.com/photos/64738120@N00/11667529896,flickr
img-e5b0c5ebfd37f9d3492d6bbb30167330de2806a26144ecff8c0332fbf8e67e32,tee.kay,by-sa,https://creativecommons.org/licenses/by-sa/2.0/,https://www.flickr.com/photos/7479063@N06/2314319528,flickr
img-5fe9e1006fb9ad3fe04dce0b663102d087ddab818b801f71557186bf43baf3ca,,,,,
img-5492511ba3773963a74d68ac0711cbc015f5f89cc956f5114813b2ee631d505a,,,,,
img-6a3fb407c2d60d7478ef52c4d56e30019b75b8cd88559d49a120e996339a447b,,,,,
img-ca7f144141fd521817d91e36e4c61905b29f484f90880925562f6ddbc48e9c47,,,,,
img-a59e32e3444491c558e83e012e19f2f80ae6ff333e07e67ee6d1bb839eb338d4,B. W. Townsend,by,https://creativecommons.org/licenses/by/2.0/,https://www.flickr.com/photos/79838019@N00/417940388,flickr
img-afc853828b4eccd63ecbe4c40e300aa847db1574ddcae652b4e4d67f8bb31cbc,thetorpedodog,by-sa,https://creativecommons.org/licenses/by-sa/2.0/,https://www.flickr.com/photos/61054073@N00/2173299239,flickr
img-0252a3276dd7ebb59b15d476f69596bfebde1c682a369f33a333b143f4979b12,,,,,
img-82b42ed765dfd3eb5b7df52bf3a0834a3fb31437cb1e4c9c6d46b1429afea9f1,,,,,
img-d0974f96a1a2a2f7c25281e2319d7804a8ddf98757708b6aa478bb19c78d4384,,,,,
img-c2fc1ef4a90c3e924ffa6dcdbb2a2efbae36b5f84b571f45a9943dc6a19db9db,sociotard,by,https://creativecommons.org/licenses/by/2.0/,https://www.flickr.com/photos/9918311@N02/3872988624,flickr
img-b11d2f30ce194398972a617d3dfb820c6733ff00addd64d8e0bf7264212a96ad,Mary Gillham Archive Project,by,https://creativecommons.org/licenses/by/2.0/,https://www.flickr.com/photos/139791896@N06/26822042869,flickr
img-2504793eeb3ba75a93535495ccfd5ff99b74c65f4021ddf13e3922380e8ad5b2,Jeff Pang,by,https://creativecommons.org/licenses/by/2.0/,https://www.flickr.com/photos/29069842@N02/8065614670,flickr
img-fef73d2054b687a8085520f73034b6c80320dd0553e5cbba9b2cbb7bc81e4e0d,,,,,
img-23f2a633213000995d8edd9565d3b095b732de5b38d0cba10947a0152ac0e0d7,,,,,
img-69de47144280e8d3871b9aac2612159925b559563f34cd97db55d7b53ae309b8,,,,,
img-d4b4bdb3b5df8b145812064adaee004139d91306b70d55f6b4d10ed612b09b4f,sagesolar,by,https://creativecommons.org/licenses/by/2.0/,https://www.flickr.com/photos/62356799@N06/6952386689,flickr
img-c945fa517d986ac10d8cdb17fe24b6eb133a74600cf2eba7824a7e6f2b92373e,,,,,
img-0181827df18fb7dfe327bfa7575c95f15d0640d44921faffba2b120f65ae2c59,,,,,
img-46e9b8e6ea36898052f4a45c0c73c5e8f1e258b1f3017f104a6a69c46fd9f164,,,,,
img-9c97810ba118aa139792d51064d59c6b27010486754e9fe445fea7a1574255f3,,,,,
img-08c0f84b8e0f8c84bf4ec6dbfd575860d2b2000f29108ce5ca270dd5fec73728,,,,,
img-f3476ed1ffb575d071f28fcbf4a8069ea51a261e4409d21b8492d90fcb7aa6e8,Jonathan Miske,by-sa,https://creativecommons.org/licenses/by-sa/2.0/,https://www.flickr.com/photos/127035585@N03/16803440368,flickr
img-293acd14f59e2e53a754171b2df9310fba5a7795bea7fce874c3008297072d51,mheisel,by,https://creativecommons.org/licenses/by/2.0/,https://www.flickr.com/photos/30484140@N06/2853249907,flickr
img-dc35ce2e06627da913b3729bd971a420a1682a3665e7b871d6e26579cc66f2f4,,,,,
img-1d455a98f7b885b4ae4cd5efabcafd5cd075079300787774098dcfdbca3ae207,,,,,
img-5426e958da4cff5998605a26df03dcf65573a1bafbbbe0da80c83eee813442d2,vl8189,by,https://creativecommons.org/licenses/by/2.0/,https://www.flickr.com/photos/27630470@N03/13899779235,flickr
img-e0bd49d9964071f62fdb54067b0dc9f6212f7d7189330266a24bb146b38b4aca,,,,,
img-30ec11ae359e2fab4b6cbb4ccdd75fe19ec67e626d65ae91729e7d63f54ab25c,,,,,
img-88ac8568a3abaf2897f11d1595e2804436cabe9841f683641d1be35cd9c8b614,,,,,
img-f6f20a91d0791cd65b3ef2a65d5434e5db5c2c1097fec0486b8ee974830042b8,Jonathan Miske,by-sa,https://creativecommons.org/licenses/by-sa/2.0/,https://www.flickr.com/photos/127035585@N03/16350474613,flickr
img-f173a2af60719ccae1b0a0c7f9a4bee1381b7422c6d6f054163411c6c88ff0bf,,,,,
img-509254b05983b350f1bfeacea172bcc6d6e540600b663cb4fe5641ab3d4ff5d5,,,,,
img-23cf7306fdd7b220cbd148dc61f6f0278793b4d3f9f09c675036762062c2fc67,,,,,
img-a5d93703a5b0c0f8d98833d6ec392c8f8e8110198183c1c970374383663d9f4b,,,,,
img-dcd4ea65cae78dfcbad1566e6ea5dfe1dcc0fae2fcd0c964002414f2df1f0f72,Ben124.,by,https://creativecommons.org/licenses/by/2.0/,https://www.flickr.com/photos/9298216@N08/8126877692,flickr
img-ddda10e0ce96b3f7b0e240fc5f46ea93bae472ecf07fd4bc7eaaf615cb77550e,,,,,
img-5cc812a251bffd0f20fd9e0018983b069b420c68349f961d9806a521e307d254,matt1125,by-sa,https://creativecommons.org/licenses/by-sa/2.0/,https://www.flickr.com/photos/8816205@N02/2665758473,flickr
img-3b1a9c8e380868e5d763760f92f2447c87759b617a244fc2a5535df6912c4b8b,,,,,
